{
    "1110000": {
        "name": "Dirt Floor (흙 바닥)",
        "color": [
            80,
            65,
            45
        ]
    },
    "1110001": {
        "name": "Grass Floor (풀 바닥)",
        "color": [
            40,
            70,
            50
        ]
    },
    "1110002": {
        "name": "Gravel Floor (자갈 바닥)",
        "color": [
            70,
            75,
            85
        ]
    },
    "1110003": {
        "name": "Sand Floor (모래 바닥)",
        "color": [
            170,
            160,
            110
        ]
    },
    "1110004": {
        "name": "Shallow Water (얕은 물)",
        "color": [
            40,
            60,
            100
        ]
    },
    "1110005": {
        "name": "Cave Floor (동굴 바닥)",
        "color": [
            40,
            40,
            50
        ]
    },
    "1110006": {
        "name": "Mossy Stone (이끼 낀 돌)",
        "color": [
            70,
            75,
            85
        ]
    },
    "1110007": {
        "name": "Wood Floor L (밝은 나무)",
        "color": [
            120,
            80,
            50
        ]
    },
    "1110008": {
        "name": "Wood Floor D (어두운 나무)",
        "color": [
            90,
            50,
            30
        ]
    },
    "1110009": {
        "name": "Marble Floor (대리석)",
        "color": [
            200,
            200,
            210
        ]
    },
    "1110010": {
        "name": "Concrete Floor (콘크리트)",
        "color": [
            110,
            110,
            115
        ]
    },
    "1110011": {
        "name": "Asphalt Road (아스팔트)",
        "color": [
            25,
            25,
            30
        ]
    },
    "1110012": {
        "name": "Road Line (차선)",
        "color": [
            50,
            50,
            55
        ]
    },
    "1110013": {
        "name": "Broken Concrete (깨진 바닥)",
        "color": [
            110,
            110,
            115
        ]
    },
    "1110014": {
        "name": "Iron Grate (철창 바닥)",
        "color": [
            90,
            90,
            95
        ]
    },
    "1110015": {
        "name": "Ice (얼음)",
        "color": [
            180,
            210,
            230
        ]
    },
    "1120016": {
        "name": "Deep Water (깊은 물)",
        "color": [
            20,
            30,
            60
        ]
    },
    "1120017": {
        "name": "Lava (용암)",
        "color": [
            150,
            50,
            50
        ]
    },
    "1120018": {
        "name": "Cliff (절벽)",
        "color": [
            50,
            35,
            20
        ]
    },
    "2110000": {
        "name": "Checkered Tile (체크무늬)",
        "color": [
            200,
            200,
            205
        ]
    },
    "2110001": {
        "name": "Red Carpet (레드 카펫)",
        "color": [
            150,
            50,
            50
        ]
    },
    "2110002": {
        "name": "Blue Carpet (블루 카펫)",
        "color": [
            50,
            70,
            130
        ]
    },
    "2110003": {
        "name": "Lab Tile (실험실 바닥)",
        "color": [
            200,
            200,
            205
        ]
    },
    "3220000": {
        "name": "Red Brick Wall (붉은 벽돌)",
        "color": [
            120,
            50,
            40
        ]
    },
    "3220001": {
        "name": "Grey Brick Wall (회색 벽돌)",
        "color": [
            70,
            75,
            85
        ]
    },
    "3220002": {
        "name": "Mossy Wall (이끼 벽)",
        "color": [
            70,
            75,
            85
        ]
    },
    "3220003": {
        "name": "Wood Wall (나무 벽)",
        "color": [
            90,
            50,
            30
        ]
    },
    "3220004": {
        "name": "Log Wall (통나무 벽)",
        "color": [
            50,
            25,
            15
        ]
    },
    "3220005": {
        "name": "White Wall (흰 벽)",
        "color": [
            200,
            200,
            205
        ]
    },
    "3220006": {
        "name": "Wallpaper (벽지)",
        "color": [
            200,
            160,
            160
        ]
    },
    "3220007": {
        "name": "Toilet Tile Wall (타일 벽)",
        "color": [
            200,
            220,
            255
        ]
    },
    "3220008": {
        "name": "Lab Metal Wall (금속 벽)",
        "color": [
            140,
            140,
            150
        ]
    },
    "3220009": {
        "name": "Rusty Wall (녹슨 벽)",
        "color": [
            150,
            80,
            30
        ]
    },
    "3220010": {
        "name": "Glass Wall (유리 벽)",
        "color": [
            200,
            220,
            255
        ]
    },
    "3220011": {
        "name": "Reinforced Glass (강화 유리)",
        "color": [
            150,
            180,
            200
        ]
    },
    "3220012": {
        "name": "Bookshelf Wall (책장 벽)",
        "color": [
            90,
            60,
            40
        ]
    },
    "3220013": {
        "name": "Cave Wall (동굴 벽)",
        "color": [
            40,
            40,
            50
        ]
    },
    "4220000": {
        "name": "Wood Fence (나무 울타리)",
        "color": [
            120,
            80,
            50
        ]
    },
    "4220001": {
        "name": "Iron Fence (철 울타리)",
        "color": [
            90,
            90,
            95
        ]
    },
    "4220002": {
        "name": "Prison Bars (창살)",
        "color": [
            40,
            40,
            50
        ]
    },
    "5310000": {
        "name": "Wood Door Open (나무문 열림)",
        "color": [
            90,
            50,
            30
        ]
    },
    "5310001": {
        "name": "Iron Door Open (철문 열림)",
        "color": [
            90,
            90,
            95
        ]
    },
    "5310002": {
        "name": "Glass Door Open (유리문 열림)",
        "color": [
            200,
            220,
            255
        ]
    },
    "5310003": {
        "name": "Prison Door Open (철창문 열림)",
        "color": [
            40,
            40,
            50
        ]
    },
    "5310004": {
        "name": "Lab Door Open (연구소문 열림)",
        "color": [
            200,
            200,
            205
        ]
    },
    "5310005": {
        "name": "Broken Door (부서진 문)",
        "color": [
            50,
            25,
            15
        ]
    },
    "5321008": {
        "name": "Glass Door Closed (유리문 닫힘)",
        "color": [
            200,
            220,
            255
        ]
    },
    "5321009": {
        "name": "Prison Door Closed (철창문 닫힘)",
        "color": [
            40,
            40,
            50
        ]
    },
    "5321010": {
        "name": "Lab Door Closed (연구소문 닫힘)",
        "color": [
            200,
            200,
            205
        ]
    },
    "5321206": {
        "name": "Wood Door Closed (나무문 닫힘)",
        "color": [
            90,
            50,
            30
        ]
    },
    "5321207": {
        "name": "Iron Door Closed (철문 닫힘)",
        "color": [
            90,
            90,
            95
        ]
    },
    "5323220": {
        "name": "Wood Door Locked (나무문 잠김)",
        "color": [
            90,
            50,
            30
        ]
    },
    "5323221": {
        "name": "Iron Door Locked (철문 잠김)",
        "color": [
            90,
            90,
            95
        ]
    },
    "5323022": {
        "name": "Glass Door Locked (유리문 잠김)",
        "color": [
            200,
            220,
            255
        ]
    },
    "5323023": {
        "name": "Prison Door Locked (철창문 잠김)",
        "color": [
            40,
            40,
            50
        ]
    },
    "5323024": {
        "name": "Lab Door Locked (연구소문 잠김)",
        "color": [
            200,
            200,
            205
        ]
    },
    "5321025": {
        "name": "Treasure Chest Closed (보물상자)",
        "color": [
            120,
            80,
            50
        ]
    },
    "5310025": {
        "name": "Treasure Chest Open (빈 상자)",
        "color": [
            50,
            25,
            15
        ]
    },
    "6310000": {
        "name": "Red Flower (빨간 꽃)",
        "color": [
            150,
            50,
            50
        ]
    },
    "6310001": {
        "name": "Yellow Flower (노란 꽃)",
        "color": [
            170,
            150,
            40
        ]
    },
    "6310002": {
        "name": "Weed (잡초)",
        "color": [
            50,
            90,
            50
        ]
    },
    "6310003": {
        "name": "Lotus (연잎)",
        "color": [
            40,
            70,
            50
        ]
    },
    "6310008": {
        "name": "Cactus (선인장)",
        "color": [
            50,
            90,
            50
        ]
    },
    "6310104": {
        "name": "Tall Bush (덤불)",
        "color": [
            40,
            70,
            50
        ]
    },
    "6310105": {
        "name": "Corn Field (옥수수)",
        "color": [
            170,
            150,
            40
        ]
    },
    "6310106": {
        "name": "Tree Trunk (나무)",
        "color": [
            50,
            25,
            15
        ]
    },
    "6310107": {
        "name": "Dead Tree (죽은 나무)",
        "color": [
            50,
            25,
            15
        ]
    },
    "7310000": {
        "name": "Pebble (자갈)",
        "color": [
            100,
            105,
            115
        ]
    },
    "7310007": {
        "name": "Portal (포털)",
        "color": [
            100,
            50,
            200
        ]
    },
    "7310008": {
        "name": "Exit Mark (출구)",
        "color": [
            170,
            150,
            40
        ]
    },
    "7310009": {
        "name": "Spike Trap (함정)",
        "color": [
            90,
            90,
            95
        ]
    },
    "7310010": {
        "name": "Street Light (가로등)",
        "color": [
            90,
            90,
            95
        ]
    },
    "7310011": {
        "name": "CCTV Camera (CCTV)",
        "color": [
            140,
            140,
            150
        ]
    },
    "7310101": {
        "name": "Dense Fog (안개)",
        "color": [
            150,
            150,
            160
        ]
    },
    "7310102": {
        "name": "Shadow (그림자)",
        "color": [
            25,
            25,
            30
        ]
    },
    "7310103": {
        "name": "Laundry (빨래)",
        "color": [
            200,
            200,
            205
        ]
    },
    "7320005": {
        "name": "Fountain (분수)",
        "color": [
            100,
            105,
            115
        ]
    },
    "7320006": {
        "name": "Well (우물)",
        "color": [
            40,
            40,
            50
        ]
    },
    "7320204": {
        "name": "Rock (바위)",
        "color": [
            70,
            75,
            85
        ]
    },
    "8310016": {
        "name": "Lamp (램프)",
        "color": [
            170,
            150,
            40
        ]
    },
    "8310208": {
        "name": "Box (상자)",
        "color": [
            120,
            80,
            50
        ]
    },
    "8320001": {
        "name": "Wood Chair (의자)",
        "color": [
            120,
            80,
            50
        ]
    },
    "8320004": {
        "name": "TV (텔레비전)",
        "color": [
            25,
            25,
            30
        ]
    },
    "8320007": {
        "name": "Piano (피아노)",
        "color": [
            25,
            25,
            30
        ]
    },
    "8320017": {
        "name": "Fireplace (벽난로)",
        "color": [
            120,
            50,
            40
        ]
    },
    "8320018": {
        "name": "Exit Sign (비상구)",
        "color": [
            50,
            90,
            50
        ]
    },
    "8320200": {
        "name": "Dining Table (식탁)",
        "color": [
            90,
            50,
            30
        ]
    },
    "8320202": {
        "name": "Sofa (소파)",
        "color": [
            50,
            25,
            15
        ]
    },
    "8320203": {
        "name": "Bookshelf (책장)",
        "color": [
            90,
            50,
            30
        ]
    },
    "8320205": {
        "name": "Refrigerator (냉장고)",
        "color": [
            200,
            200,
            205
        ]
    },
    "8320209": {
        "name": "Closet (옷장)",
        "color": [
            90,
            50,
            30
        ]
    },
    "8320210": {
        "name": "Desk (책상)",
        "color": [
            90,
            50,
            30
        ]
    },
    "8320212": {
        "name": "Trash Can (쓰레기통)",
        "color": [
            90,
            90,
            95
        ]
    },
    "8320213": {
        "name": "Vent (환풍구)",
        "color": [
            90,
            90,
            95
        ]
    },
    "8320214": {
        "name": "Drum Barrel (드럼통)",
        "color": [
            150,
            50,
            50
        ]
    },
    "8320215": {
        "name": "Toilet (변기)",
        "color": [
            200,
            200,
            205
        ]
    },
    "8321006": {
        "name": "Vending Machine (자판기)",
        "color": [
            150,
            50,
            50
        ]
    },
    "8321211": {
        "name": "Bed (침대)",
        "color": [
            50,
            70,
            130
        ]
    },
    "9312000": {
        "name": "Empty Field (빈 밭)",
        "color": [
            80,
            65,
            45
        ]
    },
    "9312001": {
        "name": "Sprout Field (새싹)",
        "color": [
            80,
            65,
            45
        ]
    },
    "9312002": {
        "name": "Grown Field (수확)",
        "color": [
            80,
            65,
            45
        ]
    },
    "9312003": {
        "name": "Fishing Spot (낚시터)",
        "color": [
            50,
            70,
            130
        ]
    },
    "9322004": {
        "name": "Iron Ore (철광석)",
        "color": [
            40,
            40,
            50
        ]
    },
    "9322005": {
        "name": "Rubble (잔해)",
        "color": [
            70,
            75,
            85
        ]
    },
    "9322006": {
        "name": "Furnace (용광로)",
        "color": [
            40,
            40,
            50
        ]
    },
    "9322007": {
        "name": "Cutting Board (도마)",
        "color": [
            120,
            80,
            50
        ]
    },
    "9322008": {
        "name": "Microscope (현미경)",
        "color": [
            200,
            200,
            205
        ]
    },
    "9322009": {
        "name": "Surgery Table (수술대)",
        "color": [
            140,
            140,
            150
        ]
    },
    "9322010": {
        "name": "Broken Panel (고장난 패널)",
        "color": [
            110,
            60,
            50
        ]
    },
    "9322011": {
        "name": "Computer (컴퓨터)",
        "color": [
            90,
            90,
            95
        ]
    }
}